/.well-known/gpc.json	404
/.well-known/openid-configuration	404
/.well-known/assetlinks.json	404
/.well-known/nodeinfo	404
/.well-known/ai-plugin.json	404
/	200
/2001_06_01_archives.html	404
/2001_07_01_archives.html	404
/2001_08_01_archives.html	404
/.well-known/security.txt	404
/.well-known/dnt-policy.txt	404
/.well-known/trust.txt	404
/2001_10_01_archives.html	404
/2001_07_01_month.html	404
/2001_09_01_archives.html	404
/2001_06_01_month.html	404
/2001_11_01_archives.html	404
/2001_12_01_archives.html	404
/2002_01_01_archives.html	404
/2002_02_01_archives.html	404
/2002_03_01_archives.html	404
/2002_07_01_archives.html	404
/2002_04_01_archives.html	404
/2002_05_01_archives.html	404
/2002_06_01_archives.html	404
/2002_08_01_archives.html	404
/2002_10_01_archives.html	404
/2002_09_01_archives.html	404
/2002_11_01_archives.html	404
/2002_12_01_archives.html	404
/2003_01_01_archives.html	404
/2003_04_01_archives.html	404
/2003_03_01_archives.html	404
/2003_06_01_archives.html	404
/2003_02_01_archives.html	404
/2003_07_01_archives.html	404
/2003_05_01_archives.html	404
/2003_08_01_archives.html	404
/2003_09_01_archives.html	404
/2003_10_01_archives.html	404
/2003_11_01_archives.html	404
/2003_12_01_archives.html	404
/2004_01_01_archives.html	404
/2004_03_01_archives.html	404
/2004_02_01_archives.html	404
/2004_05_01_archives.html	404
/2004_04_01_archives.html	404
/2004_06_01_archives.html	404
/2004_08_01_archives.html	404
/2004_07_01_archives.html	404
/2004_10_01_archives.html	404
/2004_11_01_archives.html	404
/2004_12_01_archives.html	404
/2004_09_01_archives.html	404
/2005_02_01_archives.html	404
/2005_03_01_archives.html	404
/2005_04_01_archives.html	404
/2005_05_01_archives.html	404
/2005_06_01_archives.html	404
/?content=album&album=88761	200
/?content=album&album=88940	200
/?content=album&album=88939	200
/?content=album&album=88941	200
/?content=bio	200
/?content=contact	200
/?content=mailinglist	200
/?content=mailorder	200
/?content=photos	200
/?content=news	200
/?content=music	200
/?content=photos&detectflash=false&detectflash=false	200
/?em1884=_-1__1_~0_-1_08_2007_0_0	200
/?em1884=_-1__1_~0_-1_08_2007_0_0&content=news	200
/?em1884=_-1__1_~0_-1_09_2008_0_0	200
/?em1884=_-1__1_~0_-1_10_2007_0_0	200
/?em1884=_-1__1_~0_-1_11_2007_0_0&content=news	200
/?em1886=88765_-1__0_~0_-1_8_2007_0_0&content=album&album=88761&em1885=88761_0__0_~0_-1	200
/?em1886=88766_-1__0_~0_-1_8_2007_0_0&content=album&album=88761&em1885=88761_0__0_~0_-1	200
/?content=photos&detectflash=false	200
/?em1884=_-1__1_~0_-1_11_2007_0_0	200
/?em1886=88864_-1__0_~0_-1_8_2007_0_0&content=album&album=88761&em1885=88761_0__0_~0_-1	200
/?em1886=88868_-1__0_~0_-1_8_2007_0_0&content=album&album=88761&em1885=88761_0__0_~0_-1	200
/?em1886=88865_-1__0_~0_-1_8_2007_0_0&content=album&album=88761&em1885=88761_0__0_~0_-1	200
/?em1886=88873_-1__0_~0_-1_8_2007_0_0&content=album&album=88761&em1885=88761_0__0_~0_-1	200
/?em1886=88878_-1__0_~0_-1_8_2007_0_0&content=album&album=88761&em1885=88761_0__0_~0_-1	200
/?em1886=88886_-1__0_~0_-1_8_2007_0_0&content=album&album=88761&em1885=88761_0__0_~0_-1	200
/?em1886=88879_-1__0_~0_-1_8_2007_0_0&content=album&album=88761&em1885=88761_0__0_~0_-1	200
/?em1886=88881_-1__0_~0_-1_8_2007_0_0&content=album&album=88761&em1885=88761_0__0_~0_-1	200
/?em1886=88893_-1__0_~0_-1_8_2007_0_0&content=album&album=88761&em1885=88761_0__0_~0_-1	200
/AcroPDF.PDF.1	404
/?em1886=88901_-1__0_~0_-1_8_2007_0_0&content=album&album=88761&em1885=88761_0__0_~0_-1	200
/Adobe.SVGCtl	404
/MediaPlayer.MediaPlayer.1	404
/PDF.PdfCtrl.1	404
/PDF.PdfCtrl.6	404
/PDF.PdfCtrl.5	404
/SWCtl.SWCtl.1	404
/ShockwaveFlash.ShockwaveFlash	404
/QuickTimeCheckObject.QuickTimeCheck.1	404
/ShockwaveFlash.ShockwaveFlash.6	404
/ShockwaveFlash.ShockwaveFlash.7	404
/_vti_bin/shtml.exe/mailing_list.htm	404
/ShockwaveFlash.ShockwaveFlash.1	404
/ads.txt	404
/albums.html	404
/app-ads.txt	404
/application/pdf	404
/animate.js	404
/application/x-director	404
/application/x-shockwave-flash	404
/application/x-mplayer2	404
/archives.html	404
/assets/images/apple-touch-icon.png?v=5f05de21	200
/audio/x-pn-realaudio-plugin	404
/assets/images/image02.jpg?v=5f05de21	200
/bio.htm	404
/band.html	404
/background/rotate.php	403
/bio.html	404
/assets/images/favicon.png?v=5f05de21	200
/biography.htm	404
/bios.html	404
/blogs/2001_07_01_archives.html	404
/blogs/2001_06_01_archives.html	404
/blogs/2001_08_01_archives.html	404
/blogs/images/blankspace.gif	404
/blogs/images/cornerBR.gif	404
/blogs/images/cornerTR.gif	404
/blogs/images/nav/go_journal.gif	404
/blogs/images/cornerBL.gif	404
/blogs/images/nav/go_email.gif	404
/blogs/images/nav/go_band.gif	404
/blogs/images/nav/go_albums.gif	404
/blogs/images/nav/go_news.gif	404
/blogs/images/nav/go_message.gif	404
/blogs/images/nav/go_misc.gif	404
/blogs/images/nav/go_photos.gif	404
/blogs/images/nav/go_links.gif	404
/blogs/images/nav/go_press.gif	404
/blogs/images/sky.jpg	404
/cdn-cgi/scripts/5c5dd728/cloudflare-static/email-decode.min.js	200
/blogs/images/title.gif	404
/cdn-cgi/l/email-protection	404
/client_images/luxuryliners/1885_07ac4c260e7c2c8f9911e46a944e2860.png	404
/client_images/luxuryliners/1909_3482f93b7514b4d5f3d36b151550f097.jpg	404
/client_images/luxuryliners/1909_73fe833126e7466d6e8b4b9586670e73.jpg	404
/client_images/luxuryliners/1885_d88b39772823db33268531925390abf3.jpg	404
/contact.html	404
/client_images/luxuryliners/1909_f56fcaeab405192ad4a6b2ec2c85cd92.jpg	404
/client_images/luxuryliners/1909_9142057f4caac69868dd557ed95a35eb.jpg	404
/css.css	404
/data.html	404
/content.css	404
/css/theluxuryliners.css	404
/downloads/luxury_liners_onesheet.pdf	404
/downloads/luxuryliners300dpi.jpg	404
/dd.jpg	404
/email.html	404
/email/11_17_footer.jpg	404
/email/11_17_luxury_liners.jpg	404
/email/11_17_vert.jpg	404
/email/5_23_02_name.jpg	404
/email/5_23_02_cake.gif	404
/email/6_7_02_bottom.jpg	404
/email/6-27-02_SIDE.jpg	404
/email/6_7_02_top.jpg	404
/email/6-27-02_PICTURE.gif	404
/email/email_5_17_02.gif	404
/email/images/2_20_03_dotcom.gif	404
/blogs/images/nav/go_luxlist.gif	404
/email/images/10-01-04.jpg	404
/email/images/email-1-30-03_06_hoosier.jpg	404
/email/images/2_20_03_luxury_liners.jpg	404
/email/images/email_1-8-03_03.gif	404
/email/images/email_1-8-03_06.gif	404
/email/images/email-1-30-03_02-band.jpg	404
/email/images/email_1-8-03_05.jpg	404
/email/images/email_3_8_06.jpg	404
/email/images/email_3_8_03.gif	404
/email/images/email_5-19-04_background.gif	404
/email/images/email_5-19-04_banner.jpg	404
/email/images/email_5_8_03_03_top.gif	404
/email/images/email_5_8_03_05_album.jpg	404
/email/images/email_5-19-04_bottom.gif	404
/email/images/email_5_8_03_08_bottom.jpg	404
/email/images/email_5_8_03_07_right.gif	404
/email/images/email_5_8_03_09.gif	404
/email/images/luxury_liners_10-18-03.jpg	404
/email/images/luxury_dudes_10-18-03.jpg	404
/email/images/star_10-18-03.gif	404
/email/images/right_10-18-03.gif	404
/email/images/left_10-18-03.gif	404
/ethan.html	404
/events.htm	404
/email/images/spacer.gif	404
/favicon.ico	404
/expressinstall.swf	404
/foxymorons/images/labels_foxylist.gif	404
/gif/emailtiny2.gif	404
/foxymorons/list.html	404
/foxymorons/css.css	404
/go/?	404
/gif/soundstiny2.gif	404
/go/?O_MTc5&TR=MjA5MjYsNyw0OTEsMA==	404
/history/concerts.html	404
/go/?O_Mzcx&TR=MjA5MjYsNyw0OTEsMA==	404
/history	404
/go/?O_MjM5&TR=MjA5MjYsNyw0OTEsMA==	404
/history/images/bottom.jpg	404
/history/images/luxury_liners.gif	404
/history/images/bubbles.jpg	404
/history/index.html	404
/history/photos.html	404
/history/music.html	404
/history/intro.html	404
/history/photos/00_blackfaces.jpg	404
/history/photos/00_chad.jpg	404
/history/photos/00_dancing.jpg	404
/history/photos/00_photoshoot.jpg	404
/history/photos/00_scott.jpg	404
/history/photos/00_hearseespeak.jpg	404
/history/photos/00_coverone.jpg	404
/history/photos/00_sitting.jpg	404
/history/photos/97_12th_porter.jpg	404
/history/photos/97_opry.jpg	404
/history/photos/97_pajamas.jpg	404
/history/photos/98_waco.jpg	404
/history/photos/99_12th_serious.jpg	404
/history/photos/99_green_jackets.jpg	404
/history/photos/99_session_guitars.jpg	404
/history/photos/98_hard_rock.jpg	404
/history/story.html	404
/image/svg+xml	404
/images/03012005/rotate.php	403
/images/album_2002.jpg	404
/images/albums_between.jpg	404
/images/_big_background_gradient.jpg	404
/images/aquaCROP.jpg	404
/images/believe_cover.jpg	404
/images/band.gif	404
/images/bio_green.jpg	404
/history/text.css	404
/images/bio_green_david.jpg	404
/images/bio_window.jpg	404
/images/cornerBL.gif	404
/images/cheesemonster.JPG	404
/images/bluecolumns.jpg	404
/images/cornerBR.gif	404
/images/cornerTL.gif	404
/images/blankspace.gif	404
/images/cornerTR.gif	404
/images/ethan_is_2.JPG	404
/images/ethan.jpg	404
/images/flyer7-20-01.jpg	404
/images/ethan_yogurt.jpg	404
/images/gif/Merch.gif	404
/images/gif/Photos.gif	404
/images/gif/shim.gif	404
/images/gif/newstiny2.gif	404
/images/gif/videostiny.gif	404
/images/gif/title_with_logo.gif	404
/images/halloween.jpg	404
/images/icon-apple.svg	404
/images/graybath170X.jpg	404
/images/icon-spotify.svg	404
/images/graycouch300x.jpg	404
/images/icon-instagram.svg	404
/images/icon-youtube.svg	404
/images/jpg/Echologo.jpg	404
/images/jpg/liners_blue.jpg	404
/images/jpg/shadow_enter.jpg	404
/images/jpg/ticket.jpg	404
/images/isobooth.jpg	404
/images/jpg/sound%20as%20ever%20cover%20tiny.jpg	404
/images/logo.jpg	404
/images/jumping.jpg	404
/images/luxury_liners_feb-20.jpg	404
/images/luxury_liners_navigation.gif	404
/images/luxury_liners_nov_14_03.jpg	404
/images/luxuryliners2005_band.jpg	404
/images/luxuryliners2005_logobot.gif	404
/images/luxury_liners_top.jpg	404
/images/luxury_liners_picture.jpg	404
/images/luxuryliners2005_logotop.gif	404
/images/luxurypromo2.jpg	404
/images/movie_dreaming.jpg	404
/images/music_acoustic.jpg	404
/images/music_believe_75.jpg	404
/images/music_believe_170.jpg	404
/images/music_live.jpg	404
/images/mailinglist_bg.jpg	404
/images/music_overbored_170.jpg	404
/images/music_nash_pop.jpg	404
/images/music_overbored_75.jpg	404
/images/music_sound_as_170.jpg	404
/images/music_sound_as_75.jpg	404
/images/nav/go_albums.gif	404
/images/nav/go_band.gif	404
/images/nav/go_email.gif	404
/images/nav/go_message.gif	404
/images/nav/go_journal.gif	404
/images/nav/go_luxlist.gif	404
/images/nav/go_news.gif	404
/images/nav/go_links.gif	404
/images/nav/go_misc.gif	404
/images/nav/go_photos.gif	404
/images/navigation.gif	404
/images/picture.jpg	404
/images/news_scott_birthday.jpg	404
/images/nav/go_press.gif	404
/images/redsplash/rotate.php	403
/images/picture_top.gif	404
/images/picture_top.jpg	404
/images/right_1.gif	404
/images/nov_03_nav.gif	404
/images/right_2.gif	404
/images/right_3.gif	404
/images/rotating/10.jpg	404
/images/rotating/11.jpg	404
/images/rotating/1.jpg	404
/images/rotating/12.jpg	404
/images/rotating/14.jpg	404
/images/rotating/16.jpg	404
/images/rotating/15.jpg	404
/images/rotating/13.jpg	404
/images/rotating/5.jpg	404
/images/rotating/7.jpg	404
/images/rotating/6.jpg	404
/images/rotating/2.jpg	404
/images/rotating/9.jpg	404
/images/sky_bg.jpg	404
/images/splash_3-30-02.gif	404
/images/sky.jpg	404
/images/spacer.gif	404
/images/scott_and_gene_from_kiss.jpg	404
/images/soundas_cover.gif	404
/images/splash_9_15_02.jpg	404
/images/rotating/8.jpg	404
/images/splash_larry_enter.gif	404
/images/sticker.jpg	404
/images/trunkbox_big.jpg	404
/images/trunkbox_cover.jpg	404
/images/tump.jpg	404
/images/title.gif	404
/images/splash_larry_singing.jpg	404
/images/wall_background.jpg	404
/images/wall_top.gif	404
/images/wall_bottom.gif	404
/index.php?&content=mailinglist	403
/images/wall_top.jpg	404
/images/wtc.jpg	404
/index4.html	404
/index.html	200
/javascript/javascript.js	404
/links.html	404
/journal.html	404
/liliana.jpg	404
/lyrics.html	404
/luxuryliners.html	404
/images/wall_bottom.jpg	404
/mail_list.html	404
/merch.htm	404
/main.css	404
/misc.html	404
/mp3/20021117/01	404
/mp3/20021117/03	404
/mail_list.htm	404
/mp3/20021117/05	404
/mp3/20021117/07	404
/mp3/20021117/06	404
/mp3/7.18.02/8-luxury_breaking_out.mp3	404
/mp3/7.18.02/7-luxury_waiting_for_sun.mp3	404
/mp3/20021117/02	404
/mp3/luxury_liners_believe_cher.mp3	404
/mp3/luxury_liners_breaking_out.mp3	404
/mp3/luxury_liners_breezy.mp3	404
/mp3/luxury_liners_coming_around.mp3	404
/mp3/luxury_liners_gloucester.mp3	404
/mp3/luxury_liners_just_a_girl.mp3	404
/mp3/luxury_liners_since_met_me.mp3	404
/mp3/luxury_liners_its_you.mp3	404
/mp3/luxury_liners_restless.mp3	404
/mp3/misc/01	404
/mp3/misc/02	404
/mp3/misc/04	404
/mp3/misc/07	404
/mp3/misc/Purple	404
/mp3/misc/Ride	404
/mp3/misc/Fall	404
/mp3/luxury_liners_sunshine.mp3	404
/mp3/waco/luxury_liners_be_with_you.mp3	404
/mp3/waco/luxury_liners_if_i_cry.mp3	404
/mp3/waco/luxury_liners_blockbuster.mp3	404
/mp3/waco/luxury_liners_shake_it_up.mp3	404
/multimedia.html	404
/music.html	404
/news.htm	404
/mp3/misc/luxury_liners_breakaway.mp3	404
/news.html	404
/photos.htm	404
/photos.html	404
/photos/atlanta_02/1.html	404
/photos/atlanta_02/10.html	404
/photos/atlanta_02/1.jpg	404
/photos/atlanta_02/11.html	404
/photos/atlanta_02/11.jpg	404
/photos/atlanta_02/2.html	404
/photos/atlanta_02/3.html	404
/photos/atlanta_02/5.html	404
/photos/atlanta_02/4.html	404
/photos/atlanta_02/6.html	404
/photos/atlanta_02/4.jpg	404
/photos/atlanta_02/7.html	404
/photos/atlanta_02/7.jpg	404
/photos/atlanta_02/8.html	404
/photos/atlanta_02/9.html	404
/photos/capitol/2.html	404
/org.w3c.dom.svg	404
/photos/capitol/28.html	404
/photos/atlanta_02/thumbnail.jpg	404
/photos/capitol/29.html	404
/photos/capitol/29.jpg	404
/photos/capitol/30.html	404
/photos/capitol/31.html	404
/photos/capitol/30.jpg	404
/photos/capitol/32.html	404
/photos/capitol/1.html	404
/photos/capitol/4.html	404
/photos/capitol/33.html	404
/photos/capitol/3.html	404
/photos/capitol/6.html	404
/photos/capitol/6.jpg	404
/photos/capitol/5.jpg	404
/photos/capitol/7.html	404
/photos/capitol/thumbnail.jpg	404
/photos/columbia_10-03/images/DSC03202.jpg	404
/photos/close.gif	404
/photos/columbia_10-03/index.html	404
/photos/columbia_10-03/pages/DSC03161.html	404
/photos/columbia_10-03/pages/DSC03163.html	404
/photos/columbia_10-03/pages/DSC03172.html	404
/photos/columbia_10-03/pages/DSC03167.html	404
/photos/columbia_10-03/pages/DSC03173.html	404
/photos/columbia_10-03/pages/DSC03179.html	404
/photos/columbia_10-03/pages/DSC03182.html	404
/photos/columbia_10-03/pages/DSC03183.html	404
/photos/columbia_10-03/pages/DSC03184.html	404
/photos/columbia_10-03/pages/DSC03188.html	404
/photos/columbia_10-03/pages/DSC03189.html	404
/photos/columbia_10-03/pages/DSC03192.html	404
/photos/columbia_10-03/pages/DSC03196.html	404
/photos/columbia_10-03/pages/DSC03200.html	404
/photos/columbia_10-03/pages/DSC03201.html	404
/photos/columbia_10-03/pages/DSC03202.html	404
/photos/columbia_10-03/pages/DSC03204.html	404
/photos/dancin/1.html	404
/photos/dancin/11.jpg	404
/photos/dancin/19.html	404
/photos/columbia_10-03/pages/DSC03186.html	404
/photos/dancin/2.html	404
/photos/dancin/20.html	404
/photos/dancin/21.html	404
/photos/dancin/22.html	404
/photos/dancin/20.jpg	404
/photos/dancin/24.html	404
/photos/dancin/3.html	404
/photos/dancin/23.html	404
/photos/dancin/3.jpg	404
/photos/dancin_02/1.html	404
/photos/dancin_02/10.html	404
/photos/dancin/thumbnail.jpg	404
/photos/dancin_02/11.html	404
/photos/dancin_02/13.html	404
/photos/dancin_02/10.jpg	404
/photos/dancin_02/2.html	404
/photos/dancin_02/12.html	404
/photos/dancin_02/3.html	404
/photos/dancin_02/5.html	404
/photos/dancin_02/4.html	404
/photos/dancin_02/6.html	404
/photos/dancin_02/6.jpg	404
/photos/dancin_02/7.html	404
/photos/dancin_02/8.html	404
/photos/dancin_02/5.jpg	404
/photos/detroit_3-03/1.html	404
/photos/dancin_02/9.html	404
/photos/dancin_02/7.jpg	404
/photos/detroit_3-03/2.html	404
/photos/detroit_3-03/28.html	404
/photos/detroit_3-03/1.jpg	404
/photos/detroit_3-03/29.html	404
/photos/detroit_3-03/3.html	404
/photos/july_02/1.html	404
/photos/july_02/18.html	404
/photos/july_02/19.html	404
/photos/july_02/2.html	404
/photos/july_02/3.html	404
/photos/live/1.html	404
/photos/july_02/thumbnail.jpg	404
/photos/live/2.html	404
/photos/live/28.html	404
/photos/live/3.html	404
/photos/live/29.html	404
/photos/live2/1.html	404
/photos/live/thumbnail.jpg	404
/photos/live2/16.html	404
/photos/live2/17.html	404
/photos/live2/17.jpg	404
/photos/live2/2.html	404
/photos/live2/1.jpg	404
/photos/live2/3.html	404
/photos/live2/2.jpg	404
/photos/live2/thumbnail.jpg	404
/photos/misc/1.html	404
/photos/misc/13.html	404
/photos/misc/14.html	404
/photos/misc/16.html	404
/photos/misc/15.html	404
/photos/misc/13.jpg	404
/photos/live2/7.jpg	404
/photos/misc/16.jpg	404
/photos/misc/17.html	404
/photos/misc/2.html	404
/photos/misc/3.html	404
/photos/misc/4.html	404
/photos/misc/thumbnail.jpg	404
/photos/misc_5-03/2.html	404
/photos/misc_5-03/1.html	404
/photos/misc_5-03/22.html	404
/photos/misc_5-03/23.html	404
/photos/misc_5-03/26.html	404
/photos/misc_5-03/25.html	404
/photos/misc_5-03/27.html	404
/photos/misc_5-03/23.jpg	404
/photos/misc_5-03/3.html	404
/photos/misc_5-03/3.jpg	404
/photos/misc_5-03/27.jpg	404
/photos/misc_5-03/4.html	404
/photos/misc_5-03/5.html	404
/photos/misc_5-03/6.html	404
/photos/misc_5-03/7.html	404
/photos/misc_5-03/6.jpg	404
/photos/name.gif	404
/photos/random_02/1.html	404
/photos/previous.gif	404
/photos/next.gif	404
/photos/random_02/10.html	404
/photos/random_02/12.html	404
/photos/random_02/11.html	404
/photos/random_02/13.html	404
/photos/random_02/1.jpg	404
/photos/random_02/14.html	404
/photos/random_02/16.html	404
/photos/random_02/15.html	404
/photos/random_02/16.jpg	404
/photos/random_02/17.html	404
/photos/random_02/18.html	404
/photos/random_02/2.html	404
/photos/random_02/19.html	404
/photos/random_02/20.html	404
/photos/random_02/19.jpg	404
/photos/random_02/2.jpg	404
/photos/random_02/3.html	404
/photos/random_02/5.html	404
/photos/random_02/6.html	404
/photos/random_02/4.html	404
/photos/random_02/7.html	404
/photos/random_02/8.html	404
/photos/random_02/9.jpg	404
/photos/recording_7-03/1.html	404
/photos/recording_7-03/2.html	404
/photos/recording_7-03/20.html	404
/photos/recording_7-03/20.jpg	404
/photos/random_02/8.jpg	404
/photos/recording_7-03/21.html	404
/photos/recording_7-03/3.html	404
/photos/recording_7-03/23.html	404
/photos/recording_7-03/22.html	404
/photos/recording_7-03/24.jpg	404
/photos/recording_7-03/24.html	404
/photos/recording_7-03/4.html	404
/photos/recording_7-03/6.html	404
/photos/rocketown_4-03/10.html	404
/photos/recording_7-03/7.html	404
/photos/recording_7-03/6.jpg	404
/photos/rocketown_4-03/11.jpg	404
/photos/rocketown_4-03/2.html	404
/photos/recording_7-03/5.html	404
/photos/rocketown_4-03/2.jpg	404
/photos/rocketown_4-03/3.html	404
/photos/rocketown_4-03/4.html	404
/photos/rocketown_4-03/11.html	404
/photos/rocketown_4-03/5.html	404
/photos/rocketown_4-03/1.html	404
/photos/rocketown_4-03/5.jpg	404
/photos/rocketown_4-03/6.html	404
/photos/rocketown_4-03/7.html	404
/photos/rocketown_4-03/7.jpg	404
/photos/rocketown_4-03/8.html	404
/photos/rocketown_4-03/9.html	404
/photos/studio/2.html	404
/photos/studio/1.html	404
/photos/studio/3.html	404
/photos/studio/2.jpg	404
/photos/studio/4.html	404
/photos/studio/5.html	404
/photos/studio/6.html	404
/photos/studio/thumbnail.jpg	404
/photos/sxsw/1.html	404
/photos/sxsw/1.jpg	404
/photos/sxsw/2.html	404
/photos/studio/thumbSTUDIO.jpg	404
/photos/sxsw/3.html	404
/photos/sxsw/4.html	404
/photos/sxsw/7.html	404
/photos/sxsw/5.html	404
/photos/sxsw/2.jpg	404
/photos/sxsw/8.html	404
/photos/sxsw/9.html	404
/photos/sxsw/thumbnail.jpg	404
/photos/sxsw/9.jpg	404
/photos/trio/1.html	404
/photos/sxsw/thumbSXSW.jpg	404
/photos/trio/10.html	404
/photos/trio/11.html	404
/photos/trio/12.html	404
/photos/trio/12.jpg	404
/photos/trio/2.html	404
/photos/trio/3.html	404
/photos/trio/4.html	404
/photos/trio/2.jpg	404
/photos/trio/5.html	404
/photos/trio/6.html	404
/photos/trio/5.jpg	404
/photos/trio/8.html	404
/photos/trio/9.html	404
/photos/trio/9.jpg	404
/photos/various_live_03/1.html	404
/photos/trio/thumbTRIO.jpg	404
/photos/various_live_03/14.html	404
/photos/various_live_03/16.html	404
/photos/various_live_03/18.html	404
/photos/various_live_03/17.html	404
/photos/various_live_03/19.html	404
/photos/various_live_03/19.jpg	404
/photos/various_live_03/2.html	404
/photos/trio/thumbnail.jpg	404
/photos/various_live_03/2.jpg	404
/photos/various_live_03/3.html	404
/pictures.htm	404
/press.html	404
/ram/breezy.ram	404
/ram/comingaround.ram	404
/ram/gloucester.ram	404
/ram/itsyou.ram	404
/scripts/awstats_misc_tracker.js	404
/robots.txt	200
/scripts/securityImage.php	403
/scripts/awstats_misc_tracker.js?nojs=y	404
/scripts/images/mail.gif	404
/soulpatch.jpg	404
/sitemap.xml	200
/store	404
/splash.html	404
/store/cat/LuxuryLiners	404
/style.css	404
/store/product/5/Nonetheless	404
/scripts/swfobject.js	404
/swf/gallery.swf	404
/swf/watermark.swf	404
/theluxuryliners.com	404
/video/quicktime	404
/web/images/shim.gif	404
/xml/photos.php	403
/web/mp3/waco/luxury_liners_say_goodbye.mp3	404
